Engine_Load_Pressure(%),RPM,Vehicle_Speed(km/h),O2_Intake(g/s),Fuel_Amount(mL/s),Gear_Position
37.454011884736246,1947,65.42642093397649,20.508386832058044,28.59979391417964,2
95.07143064099162,4159,61.744699767999954,24.103760518549798,40.27161646499932,6
73.1993941811405,6212,226.56364513025918,8.26356906498247,38.008046489507954,2
59.86584841970366,5339,62.38654996237653,19.12134888860297,7.694995234688684,5
15.601864044243651,5800,67.98743153215774,17.580633511168713,7.462473487073695,3
15.599452033620265,4884,189.84956560449092,25.152080926859863,13.408718387245667,2
5.8083612168199465,5092,112.434960612635,27.276524753956554,18.05373631705186,4
86.61761457749351,6065,194.1776392387953,1.3525463728442175,20.42277907042413,2
60.11150117432088,2347,16.341539391096312,20.546577652704986,33.98486084166726,4
70.80725777960456,3834,121.89279841834608,2.5032381744721417,2.83402160829177,6
2.0584494295802447,2171,8.403400045820659,16.91690128724332,1.7336352113033193,2
96.99098521619943,6923,15.66330086383863,9.341349142266669,19.595528147195452,4
83.24426408004217,6653,226.60936333610275,9.896521386142094,34.85818460689902,2
21.233911067827616,1044,34.81134277939879,11.235796600118341,9.671767147824129,6
18.182496720710063,5174,133.10517056880428,19.017481022438695,32.07522406281259,2
18.34045098534338,6536,102.77390065017664,10.687449004394306,12.991406897014974,1
30.42422429595377,1919,86.83583156471067,22.24827246711813,44.30430544067582,4
52.475643163223786,4321,224.9583364218181,12.731294181642221,44.78449721333082,6
43.194501864211574,6476,5.455849193872375,2.9822428089888,14.864360214066325,4
29.122914019804192,1010,165.94742154389726,23.72903543203911,11.499687698162026,4
61.18528947223795,5124,240.8486085533876,9.286991413188474,20.565198603311565,0
13.949386065204184,2643,140.0420458654605,13.550239508378617,12.026579259007436,6
29.214464853521815,6531,234.20561550827296,20.877872613435144,33.61919216458518,2
36.63618432936917,6820,13.064469821505941,10.64122855731265,41.30323422741428,4
45.606998421703594,6654,104.69832976854035,2.640984028254753,33.65460654556085,5
78.51759613930136,3740,65.03944774051278,11.843710363371594,41.21752236246748,0
19.967378215835975,6144,182.70524124518244,28.3890088981348,19.84960811037371,1
51.42344384136116,6036,245.32427262431167,19.610297521658186,7.815848535443043,4
59.24145688620425,2778,64.13251561106195,20.472895311349,36.89754736987961,4
4.645041271999773,5939,163.54365036851863,19.336182455491556,18.023725257077693,0
60.75448519014384,1029,49.52440818993503,6.770772029823667,33.56354126145663,2
17.052412368729154,4496,141.33256364290247,13.131682058966124,13.532197099088282,5
6.505159298527952,2226,115.98312167208405,22.77725415253623,4.061481740333633,1
94.88855372533332,1547,243.00133240788426,3.9398140290416155,49.62908977438817,4
96.56320330745594,1277,152.13181817411663,9.057730506601656,7.810075396529964,2
80.83973481164611,5116,87.37659302170469,9.013254145509755,49.42104969817405,6
30.46137691733707,2907,28.523946221983344,13.528548900240674,48.86399662832236,5
9.767211400638388,5293,37.81170718373364,29.430693487323367,39.69090519540198,6
68.42330265121569,1205,56.329232487808774,2.9575738538308363,32.97114810409988,5
44.01524937396013,2754,62.7416653350745,16.042328837037253,28.890352512554234,1
12.203823484477883,4144,212.65401446028446,6.201575778354103,43.305077268891736,3
49.51769101112702,5702,140.30569707063123,29.14961981688258,14.471976080974397,5
3.4388521115218396,2776,130.8477278435916,4.285801637096462,23.38406062424385,3
90.9320402078782,4680,28.692217967304366,12.704429068486146,30.969498468325096,6
25.87799816000169,6293,215.03492333735875,22.398664560203578,20.559523793474554,5
66.2522284353982,4618,180.70357580212092,21.432078412795914,21.3743227045134,1
31.171107608941096,2244,16.917090475000396,13.259130469924035,16.51423337510422,0
52.00680211778108,951,176.95877430744216,11.049200870628828,28.2115908342268,1
54.67102793432797,6194,135.8845543356615,12.530758978033246,42.5287264007558,1
18.485445552552704,931,20.431336436694565,8.66401163160054,10.076418900315643,0
96.95846277645586,6223,114.57516038216411,6.954655222497195,46.72165193767207,0
77.51328233611146,4079,121.17407178251175,15.00815122920781,34.45438268741148,2
93.9498941564189,6622,41.44363504081894,8.787478925960613,41.16366063400151,5
89.48273504276489,5752,236.4245367500706,9.336388282020254,27.809534631500583,6
59.78999788110851,6987,212.49384287016548,20.045925840762155,38.97583507120317,2
92.18742350231169,2974,167.25558433227707,29.087582619296874,0.8100198669733605,0
8.84925020519195,5556,115.5738902501518,18.505478816221878,40.91902123897676,3
19.59828624191452,3291,102.94138539612713,3.232404544884022,2.006942954268326,6
4.522728891053807,3775,162.74336678773855,3.1919248017679425,44.49566881814312,3
32.53303307632643,4690,136.35796735172636,28.591273404521413,49.59813736193217,1
38.8677289689482,6216,15.568276470471403,9.621432918912674,14.70337310883889,4
27.134903177389592,6901,128.12566219258292,3.6699425963917873,10.515927814289682,1
82.87375091519293,5563,201.60090430820986,18.372293027361064,38.26816819290204,1
35.67533266935893,3390,114.80996939923952,19.085814570417718,12.651317046012661,4
28.093450968738075,3412,12.989144388567103,19.806639783441955,43.278119158610174,5
54.26960831582485,5373,196.56954984600827,8.754658807868697,5.142129607873835,0
14.092422497476264,2280,50.3409455339936,1.438209842219776,6.297759818967913,3
80.21969807540397,1484,64.65520872200969,28.985445714179683,48.957577755030776,1
7.455064367977082,2998,41.17658835807397,8.275898325041972,33.69194491350023,4
98.68869366005173,2580,82.55376621787438,20.604762353523878,42.34436122144764,2
77.22447692966574,2637,189.18787642215875,21.492266226482577,16.2164688675759,1
19.87156815341724,2248,129.84646487598434,18.690215095305085,33.82418747603022,3
0.5522117123602399,1060,51.22031853767814,10.074314432195798,29.71209136542986,0
81.54614284548342,910,219.45751953801022,8.861791359157907,30.15750600614735,1
70.68573438476172,6923,219.8954637378823,18.33238019837839,34.126622976886075,1
72.90071680409874,3452,217.64460626150174,26.116773374739054,28.76795865645493,5
77.12703466859458,3182,59.69905284538482,28.45527813877847,21.453118465133297,4
7.4044651734090365,5013,112.80983604524702,4.071268327708971,13.796134719027343,2
35.84657285442726,2153,246.24741403521878,5.490029765333876,38.4290665456601,2
11.586905952512971,6689,193.0031190774976,28.39735150470931,11.31362150015931,6
86.31034258755935,5675,6.791855306389954,22.359521621708986,34.61771530772071,0
62.329812682755794,1354,16.301147815123013,26.60682092006342,11.666641132466331,6
33.08980248526492,3389,115.98284420308319,6.876346389924952,31.266508497722693,3
6.355835028602364,6250,227.30505146539005,18.039990262172655,37.35391335645144,0
31.09823217156622,6657,134.67544948817854,21.333048238106734,10.93569444532696,1
32.518332202674706,3697,124.45312700857255,20.723244677962207,2.997165043065414,1
72.96061783380641,4603,26.368424989157646,12.836399035134246,6.548687149708704,2
63.75574713552131,1835,164.1950261810735,1.4464518590479458,30.299848363551273,3
88.72127425763266,6945,205.52579015005637,17.90485564732363,42.47232031128678,4
47.22149251619493,2236,95.10500187689058,8.339944636208653,2.2498410617712183,3
11.959424593830171,6644,193.90296273133185,14.05737313814382,36.70756295208231,1
71.3244787222995,4827,241.1191634752029,28.769849437430704,17.065932297502606,4
76.07850486168974,4567,50.941614781922276,12.572024211630607,23.926418495976126,3
56.127719756949624,3978,130.83240779868532,25.354246593268375,46.44297749227828,3
77.0967179954561,2230,71.78448952114388,6.467677566728283,16.598575236792275,4
49.379559636439076,1894,198.21360475845984,20.501354442725837,23.2668466969743,1
52.27328293819941,2167,144.39834147028938,29.33320167872936,0.6841207380340553,3
42.75410183585496,1955,158.64560438757593,3.954899925315167,4.0799360002419185,4
2.541912674409519,5633,199.4785399039735,1.2412783245885683,12.929579556739201,5
10.789142699330444,2970,98.99261816561372,13.573900986345816,1.3926120410537202,5
3.142918568673425,1158,228.7725171017608,3.686139008489649,31.56876630241255,1
63.64104112637804,6808,133.257216811535,22.70314614061071,21.319917840081125,4
31.435598107632668,6279,39.488705708837,27.52191125160821,27.407260136401103,5
50.85706911647028,6552,173.97477954220062,13.586608208554006,8.732359294816478,4
90.7566473926093,6968,198.3153376095636,8.502637622507788,14.796601471830806,3
24.929222914887493,1878,79.19041926688166,13.597696251191683,33.191223742636254,1
41.038292303562976,3256,214.29481424968824,21.97998671765003,48.26513618151999,5
75.55511385430486,5501,226.5358136914416,1.2625706858307584,2.52083868011046,6
22.879816549162246,5115,69.22612184445224,18.09416569505622,44.519216042763304,3
7.697990982879299,1754,245.88036817880553,18.785458861733993,28.844060065560424,6
28.9751452913768,5858,35.177882012189606,19.492959159982128,28.195978337781185,6
16.122128725400444,2191,50.503917100622495,8.018640319445439,25.013926760388017,0
92.96976523425731,2187,46.056209809506534,21.707528977965676,3.4697042952091692,0
80.8120379564417,4129,223.4974275019676,3.6503531036215158,4.493842586808033,1
63.34037565104234,4476,163.57313808124047,6.778839757537224,30.045600282954304,5
87.14605901877177,4396,38.02607080556822,26.446631352979974,17.047928571777916,5
80.36720768991145,1367,110.08085459208725,22.422971371070425,45.86340332888403,5
18.657005888603585,6240,153.82450626745052,1.3986210663290124,20.329526867973613,4
89.25589984899777,2446,20.866021247345824,8.202911550724206,7.1640729351320545,3
53.93422419156507,1602,220.60409210183468,7.217788006801772,35.7359416751018,5
80.74401551640625,6310,200.9008838603838,8.853383513072204,14.667671072050492,3
89.60912999234932,6725,126.30169339415956,8.179233338116706,26.27351536779466,1
31.800347497186387,6145,241.7816538147926,2.8132625765425265,34.8916392752585,6
11.005192452767677,5818,104.44024481877493,14.309274981307789,45.01320556010352,5
22.793516254194166,4862,246.02757975912445,22.249270768798787,39.6095597400838,1
42.71077886262563,4215,166.97999970090677,18.595220016805655,33.818053393636205,5
81.80147659224932,1339,158.66781831348536,20.513278389344315,33.98165911975718,0
86.07305832563435,3332,41.48872382394625,3.3533261775509353,47.296232201604326,2
0.6952130531190703,3110,220.48193957616098,28.59323059512683,14.791204874826802,1
51.07473025775657,2410,106.87242198015379,25.31626318144772,0.05560470980937038,5
41.7411003148779,5285,40.55835144561984,24.347619236374218,13.597727969909934,2
22.210781047073024,3874,3.15187999393976,24.866530346211256,10.8945689813372,1
11.98653673336828,1302,139.93892090959565,28.04860473585008,33.09172925569991,4
33.7615171403628,2165,131.84990553066908,16.783365017297236,31.68557998827645,5
94.29097039125192,5036,179.83840559228963,6.808178518161151,29.67306913523619,4
32.320293202075526,1272,222.56451325445053,18.886724627723694,0.812172160472685,0
51.87906217433661,6077,19.85164616075738,22.543563316370232,36.438902722532376,5
70.30189588951778,3869,182.8741225850906,22.399604407266736,16.176520624274577,6
36.3629602379294,3779,46.852986024395555,16.122021700839525,33.25279945033156,0
97.17820827209607,4472,214.544263289291,2.9853028606737637,27.828921425107666,2
96.24472949421113,5913,204.76587846541403,11.762275214473707,17.13654627139536,1
25.178229582536417,2956,135.1984387463861,27.70223164543736,6.7288133552053875,3
49.72485058923854,5003,177.56069965582788,17.949018382965356,4.720944883024048,0
30.087830981676966,4307,78.5875282959371,16.61162635441569,41.57591665561118,3
28.484049437746762,2455,117.79197473320366,8.796751917083611,45.9198771040779,3
3.6886947354532795,6247,205.40922442761791,11.68501867758079,32.48940233821498,1
60.956433397989684,5744,114.81629929330347,26.965036585441908,5.171705743024169,2
50.26790232288615,4882,89.44956633136044,20.327428378278235,20.101360844412035,1
5.147875124998935,6073,123.55311181257497,23.83422377581765,36.446960005257864,5
27.864646423661142,6177,207.0623131093046,14.176017268962,38.9910442005034,0
90.82658859666537,5191,83.80201184271819,19.27716936422858,5.91093111455443,3
23.95618906669724,5989,43.44039828393595,8.203124653553019,0.0015359422691207936,1
14.48948720912231,5124,178.0035050826952,21.458364078221102,35.60685229403025,1
48.9452760277563,5016,206.49455317702046,13.400438677396782,17.829808799310282,1
98.56504541106007,4635,25.159369630883333,13.833819929627621,12.724066580913012,0
24.20552715115004,5466,59.968528188986184,19.83034741272957,0.644873489476272,2
67.21355474058785,1783,35.49299744024847,28.152138022598873,27.014970338074985,6
76.16196153287176,6261,86.98535289554165,2.8561840516500068,42.557536771299084,1
23.763754399239968,6205,112.58774472635316,24.91755388306322,47.881582313629394,0
72.82163486118596,981,187.20658424082663,9.4791102019536,28.287247530664462,3
36.77831327192532,5920,162.78689622041853,13.873664180684957,25.72306638699471,5
63.23058305935795,1598,155.2321418696078,1.6354865344752598,4.252819274462055,6
63.35297107608947,2877,88.0937366524136,9.730336257195077,27.443640077129988,4
53.57746840747585,5409,210.36188827119,15.576306036273785,18.99895394826973,6
9.02897700544083,1796,117.82179184954114,2.6291062430757313,30.356764044178846,6
83.5302495589238,5871,244.77623450378863,15.24177615211179,19.436317393827334,0
32.07800649717358,5959,158.5355345739342,27.886208236894394,12.014956172518337,4
18.651851039985424,3946,31.566185391125686,4.056403325126351,4.748263761418825,1
4.077514155476392,839,169.0443905188585,23.168781114189628,15.745922229444787,1
59.08929431882418,2579,81.27600385792475,12.880460547903786,4.832241714387614,6
67.75643618422824,4624,171.58179917152435,20.000037721205803,8.844847541199197,0
1.6587828927856152,6883,17.410287040601435,8.546861341571653,49.366807928977295,4
51.2093058299281,4717,43.720359293989844,5.62527561369939,22.20517784533093,1
22.649577519793795,2410,213.9343147264466,5.653415813865567,26.593588325250828,3
64.51727904094498,4730,56.79488925587872,3.044266423651195,43.680926436860766,2
17.436642900499145,4147,209.26028131073502,6.3837544421360475,49.77844502453439,2
69.09377381024659,5635,69.81902211360261,20.26236216468008,29.135722467234075,1
38.67353463005374,1463,160.7204775146769,26.569027743461735,40.623691052208585,4
93.67299887367345,5518,173.53764337745775,24.609644882143694,16.347051216833762,5
13.752094414599325,4155,128.16368828626324,20.86889498636004,15.287197872364555,1
34.10663510502585,6770,76.32766917418282,4.202524038921977,20.13518604972801,5
11.347352124058908,2919,53.16109409277403,9.386435942582546,33.625363133682455,5
92.46936182785628,4722,8.297338640606554,9.984399384351601,34.10958446275494,4
87.7339353380981,6578,75.98660031018095,8.248751445531015,15.76197173247254,5
25.79416277151556,1435,163.29069763282075,15.93516413158197,6.660496206831434,3
65.99840460341791,6610,234.57620461212068,16.531060631510506,31.619812823275428,4
81.72222002012158,5064,217.801120565763,11.349693279962196,6.416293109438226,1
55.52008115994623,1220,191.51619413382565,11.259885603356645,28.924625411466504,6
52.965057835600646,2665,197.11183581332466,25.02811233927636,34.67110640281545,3
24.18522909004517,5190,166.2462258689988,23.88949260127088,35.03057481972258,0
9.310276780589922,1217,65.07171439150075,9.926079118741624,37.673605532979835,2
89.72157579533267,4409,226.79875767645746,27.49986487232452,43.642971078283225,1
90.04180571633304,2944,167.68307797645852,28.631635493072675,24.997949598239423,1
63.31014572732679,4649,140.11015774510997,10.475533718871183,36.51245947647856,1
33.90297910487007,1083,27.747367303370268,11.278323514998592,30.958636768291836,3
34.92095746126609,6203,111.76388595160635,15.663390449236806,9.331996989884129,0
72.59556788702393,6835,115.08956780048157,28.292503563476533,1.2844822434704084,6
89.71102599525771,6807,216.14090238066748,26.413263561127035,14.227069283846689,4
88.70864242651173,5447,136.66205504694713,3.974470914924104,22.15168531688097,0
77.98755458576238,1606,95.10013724260241,12.38919155487107,30.855297221432814,3
64.20316461542878,5501,244.20008212766484,17.047764502743384,42.497966525160265,1
8.413996499504883,952,27.68014833157892,15.590841703994661,9.812285835308282,2
16.162871409461378,937,105.63710707798616,6.622028970169888,6.277489494923855,1
89.85541885270793,2806,10.506168792851323,25.905686363876487,48.173997373716375,4
60.642905965958995,3829,184.97603019173258,20.631282706908284,5.402227968820355,5
0.9197051616629648,5576,229.51913804978767,25.299342870702304,23.92455350535946,2
10.147154286603211,5036,70.00933238762236,25.904164101134693,29.278186439665095,1
66.35017691080559,3564,214.58541919978023,22.70231975630645,27.068721045371912,6
0.5061583846218687,2496,73.05455761547444,13.737107436241804,4.3016078516471605,2
16.080805141749867,6982,227.6925404109788,18.70585589544731,2.8513457001809686,5
54.87337893665861,3442,188.49047589919599,5.650596777472551,5.274171373051784,0
69.18951976926932,3598,201.22669421035965,20.535717106772324,29.279384193630626,3
65.19612595026005,1814,4.501638900113624,6.1983444164391415,27.217244381716053,1
22.42693094605598,5727,240.7025892685065,21.124538124794547,11.687039601837213,4
71.2179221347536,5100,181.6677480175808,7.6583466618650915,31.888707092279578,0
23.724908749680008,2168,76.18777384653333,4.408987704356379,41.00337510278247,1
32.539969815926774,1310,207.34866621471173,5.793250214145766,2.078947992329688,0
74.64914051180241,5019,70.38029960373248,1.0577719213530377,24.90649717740212,4
64.96328990472146,4857,218.18845989153198,21.843448917752376,34.465520605134515,1
84.9223410494178,2494,28.145097602984254,22.239630422692994,12.615596353484355,5
65.76128923003434,6695,175.92149436519892,15.933067147484524,15.388545264657456,5
56.830860333547164,1736,135.17461916122758,5.679521230606127,30.68189514946919,4
9.367476782809248,3480,24.133617548860204,3.423075787810003,44.89676467218685,2
36.77158030594335,6650,60.47345706470975,1.5547400266813232,40.49622101514497,4
26.520236768172545,3402,3.1010090693286974,5.806697131991401,29.156510954979176,2
24.398964337908357,4758,117.19199136612646,26.834810514511254,36.51108588786246,1
97.30105547524455,3265,75.3163151900001,8.00456840934877,18.241123510389933,2
39.30977246667604,2500,149.5893710744397,11.273868489299254,32.04827640493789,1
89.20465551771133,6900,74.3094519271543,4.055019049958663,23.30907955637785,1
63.11386259972629,3337,74.97977787674617,7.448477837696938,9.496806822878046,6
79.48113035416485,6343,185.79829968290085,16.057512552625948,35.08691369386286,3
50.26370931051921,2225,12.035708994588362,18.624827809773926,27.823231867441102,1
57.69038846263591,2121,225.72374879799682,8.11521711082012,17.93107909767957,2
49.25176938188639,993,213.06596859779538,2.674232617528399,45.566959503931535,3
19.52429877980445,4840,166.95117080660162,12.339953204694561,1.0467058913366634,3
72.24521152615053,3084,148.30539252684608,7.7918977568636905,15.7886575624748,1
28.07723624408558,6159,223.07562453491306,7.367063773664256,2.844069888882328,4
2.431596643145384,3733,46.33254488217861,28.836021278690204,38.32636581108136,4
64.54722959071678,6802,19.742290547707153,18.872714091846,35.10537270568963,5
17.711067940704893,1950,59.87754247738452,17.14947485199078,16.567610936815854,3
94.04585843529144,6185,198.64456967504756,13.057478002176335,33.78314511035365,1
95.39285770025873,5614,8.66756668162083,13.439385669474184,19.796861309797492,6
91.48643902204485,5579,145.70170877087241,16.686245111304345,37.812689571121716,4
37.01587002554444,6037,248.85937904782747,21.19646440404711,22.709183136835303,6
1.5456616528867428,5518,213.92402345938484,21.362236789273055,20.61398639158328,1
92.83185625877253,4682,130.36142226089737,5.979123323458038,46.73649577441505,1
42.81841483173143,1613,15.910227321660585,15.503269810222182,12.543954994535012,3
96.66548190436696,1001,207.84337859642747,12.946784755988958,6.022366999828272,6
96.36199770892529,6509,149.74462704430263,26.24528202181214,29.22715566297291,5
85.300945546736,4623,28.733249264891707,19.311148715332916,48.466090614208944,3
29.444889206958567,5738,23.46432120583905,16.44261792606347,18.891960686359333,0
38.50977286019253,3785,227.4067048591481,4.346444623188604,3.101838181439076,6
85.11366715168569,1527,167.30006573451962,18.563498790378933,16.96526336547837,4
31.692200515627768,1576,207.32169982918887,4.398913264726769,25.296582715977923,4
16.94927466860925,5050,219.74472507056683,10.77899069140681,8.096150331610685,4
55.68012624583501,3467,142.94308801208055,5.142416979615624,32.9051109028246,2
93.6154774160781,2043,129.36158793876032,21.0701357637067,49.88746945051003,1
69.6029796674973,3847,107.60685258024755,6.981311301248425,22.58697379907219,3
57.0061170089365,1198,79.23664694777982,12.363921822452754,17.736427836510632,4
9.717649377076853,4408,108.64899021467794,26.974568550944582,20.035208341723333,0
61.500722669916975,2467,193.4699139325391,6.925175118570138,5.757308919760057,4
99.00538501042632,5744,150.48085775378289,15.726346854804595,44.16368007131119,5
14.008401523652402,2724,223.13082248871152,13.158878173814637,20.7412827760676,1
51.832965236373674,3622,110.84500359479694,1.5255971903261623,19.363720571242066,6
87.73730719279554,872,151.77239467968852,23.98998529361157,32.984513646523716,1
74.07686177542044,1249,157.82688827299717,3.002331283123392,22.101671046556177,6
69.7015740995268,3233,147.92429057658137,14.753395608331655,32.4116734403923,6
70.24840839871092,3775,175.65844327137907,17.259670553229547,3.0723145065393753,3
35.94911512197552,4520,59.35836709370157,19.224367241823025,40.68616718611137,2
29.359184426449335,2608,128.09094438644766,20.970317249928392,47.02519764397013,6
80.93611554785136,5108,26.05620070208692,8.344899122158736,32.4382693079693,6
81.01133946791808,6132,96.12783191120313,1.2893845230950318,47.72829644294054,3
86.70723185801037,5635,121.91676715531611,21.979866208292446,7.5716157184981645,4
91.32405525564712,1045,163.05606488636812,16.53404138107978,23.870809474017683,5
51.13423988609378,3779,237.63276314655087,25.247413393010213,30.090336697272363,0
50.15162946871996,1450,150.16276663708896,24.820262524120135,29.086832371059334,3
79.82951789667752,2300,185.89847904413995,25.45645886584861,20.07308895445216,2
64.99639307777652,6917,126.56651487380068,15.067745139406664,16.90422046831307,3
70.19668772577033,1683,158.52600784408284,10.675223479269103,6.34120112752094,1
79.57926694361011,3893,17.733054033443356,23.95518787514973,19.58712252811391,4
89.00053418175663,4632,63.59789521046174,14.087529277848393,8.133040755274257,4
33.79951568515358,5155,90.46327330128467,6.319823695699601,36.71828382461092,6
37.5582952639944,4269,118.1233387516284,25.794246567282755,10.441546774729499,4
9.3981939840869,860,11.412186375595933,26.59423642639807,2.9282652642266926,4
57.8280140996174,2824,35.00602438832942,14.522982928064934,27.618306890861717,4
3.5942273796742086,4009,69.20357694782645,3.195292091983837,29.76148663597008,4
46.55980181324602,1344,242.88317272526265,12.246956607591006,43.59565306402528,0
54.26446347075766,2973,82.83675177576269,24.302592124415497,28.849080620884095,2
28.65412521282844,1005,120.51026452802063,27.151446827840633,17.274042686172287,6
59.08332605690107,1287,49.024428184598236,6.900709532430279,40.150594076316025,4
3.050024993904943,3260,152.69501776894205,2.942234748732874,27.013944659371052,6
3.7348188749214417,1622,70.17080387899358,26.44316314085232,3.964014231559587,2
82.26005606596583,4318,51.7481446096067,12.292743230387384,28.292528015662334,5
36.019064141126286,5074,129.14315711149476,16.711067963759334,45.40092727108312,4
12.706051265188478,5763,1.3764497901052053,29.07390854947201,19.815631274911027,6
52.224326005480435,2040,1.9160081623063319,2.9303771095124627,14.816290094990004,3
76.99935530986109,1838,54.76720227546444,19.801222216110773,7.173472850901002,6
21.582102749684317,1448,9.180340625205286,3.149057254671145,7.572276096767866,4
62.28904758190003,4745,27.006438532672846,11.88859892552851,21.638574217090945,1
8.5347464993768,5180,84.7151623346879,24.310621810609955,29.783991208076475,0
5.16817211686077,995,200.64641989495323,13.570694749913397,4.0307702584800875,3
53.1354631568148,6604,143.01216084232522,29.918288263185563,46.978429451258286,3
54.06351216101065,1122,128.16693148910412,17.21271926345146,37.75668087225979,1
63.742990149820656,4156,73.37220580203041,10.313702426442651,29.331195914183134,4
72.60913337226616,5196,232.9384298582041,7.383228451237841,41.42193354694954,0
97.58520794625346,6200,99.25376030929792,11.165095494298692,4.009337840605665,3
51.630034830119534,5227,21.773191698942874,11.803464939026973,23.84194388665622,0
32.2956472941246,5770,154.2666290294503,2.9926966539948685,31.50465634308317,3
79.51861947687037,2904,28.459598369150353,11.717651783376422,41.43264530591446,4
27.083225126207424,5851,86.30578570042302,14.462917072437524,39.17347800246338,5
43.89714207056361,1296,126.85298467945222,21.959394814925336,13.853462485669981,3
7.845638134226595,6347,218.55563117129395,20.04515505692663,47.04400847796021,5
2.535074341545751,4195,123.38664508502967,21.554204001645473,6.217292071543517,3
96.26484146779251,5867,175.56469150791605,1.2425467744288559,43.75668093105761,2
83.59801205122058,3604,248.20420974976759,7.312354587835546,48.547012480230926,4
69.59742060936979,4790,32.872279974495406,20.188844363595837,8.857676161131279,1
40.89529444142699,4063,68.68288137987987,15.035691677212666,36.10330321018927,5
17.329432007084577,5335,98.6440188994116,1.1540907943820324,2.014275938899923,1
15.643704267108605,1306,105.45704463470784,24.33034463052285,20.271141256957748,4
25.024289816459532,1174,102.75526881638645,23.411477625419785,25.8141649598837,6
54.92266647061205,2332,226.90275063913873,16.904155726813315,29.032261295481703,1
71.45959227000624,1789,178.50816111671412,2.9274364475118917,46.79686241242798,4
66.01973767177313,6205,151.97630352267595,23.228936436444954,33.61253436470973,1
27.993389694594285,2159,77.34317946569553,17.927694044209556,24.06389756096185,5
95.48652806631941,6850,205.9475960553237,23.676839337580816,40.48375181329447,2
73.78969166957685,2888,238.76512787124724,22.80066277947937,47.526641047720446,1
55.43540525114007,1929,205.29957063755663,24.287060086777277,1.1033074341145421,5
61.17207462343522,5696,0.39127629786822604,16.02223392573412,49.126063612801936,3
41.96000624277899,4883,159.10034254585176,5.069411027611935,4.3066069531840165,4
24.773098950115745,3888,12.78384536052518,20.46356672801097,40.71933896343807,0
35.597267865126156,4243,64.40180508343046,18.993739766507147,14.016737627570624,6
75.78461104643691,5259,14.881175086942921,22.525342428773527,6.608982887693587,0
1.4393488629755868,2216,150.94886323734693,5.926549175471324,21.992781985691746,4
11.607264050691624,6977,171.6474783731517,6.654280797108387,32.19782897238068,2
4.600264202175275,6843,28.62190951647628,26.821875999360525,19.04759225117375,1
4.072880231897013,4832,95.95972076124487,22.749356155110053,2.728270414134948,2
85.54605840110072,2037,114.05912723888551,27.338626172309365,29.97305698293583,0
70.36578593800236,5017,92.26325544022914,23.002744313753702,45.120163805533736,6
47.41738290873252,1247,30.25625012129826,18.317503873718753,19.160768297362583,5
9.783416065100148,990,104.73694754686885,19.969849373808337,10.816638881541351,6
49.16158751168324,2397,187.79451195210453,26.784709794260287,22.12886729664077,4
47.34717707805657,3668,17.751916133313866,17.785395880846274,2.4181355524390433,4
17.320186991001517,6183,20.045003520475863,19.339348405523236,41.02437922401374,2
43.385164923797305,5308,88.69282295899606,5.537824764104417,41.317040547509336,5
39.85047343973734,5404,235.43142790473127,14.743715383366979,29.400023171481422,2
61.585009805221645,3438,167.14316168072853,21.77551624678487,17.655144446919476,1
63.50936508676438,2944,169.6674891681412,8.857338251174596,39.989168222289166,3
4.530400977204452,3100,90.47999770946625,6.865371235211513,27.73435123941836,5
37.46126146264712,6923,148.4151978021346,10.100977438508052,41.29661542750081,3
62.58599157142364,1048,2.5327960069358446,8.00351821179217,31.57293962915103,6
50.31362585800877,6175,159.02401160238554,7.23246647405548,39.22027366063986,1
85.64898411883223,4387,228.32173689405917,13.320674443174521,29.928149660888,3
65.8693631618945,3519,153.1433670862048,27.32731690262249,20.70705341078331,0
16.29344270814297,5296,218.42464836658627,15.70472975542283,47.89729299630688,6
7.056874740042984,3817,180.99326386652345,6.449691043644368,27.05569124394224,3
64.24192782063156,6215,30.13960410092256,3.2321784120453483,30.25447592702692,1
2.6511310541621813,6384,225.61332682146042,21.18852820899983,11.024381970737462,3
58.57755812734633,3414,16.61096108894372,12.101164168655247,31.282539471363823,4
94.02302414249576,2516,133.49186813694095,24.83309745097542,28.580382474147193,2
57.5474177875879,4472,35.53428094836442,20.125812290582335,9.241919897351247,0
38.816992620652194,6456,2.9266526827260164,24.091002065699687,2.979354867657186,4
64.32882184423532,2106,105.50856503190975,8.886435143135014,30.217965985738555,4
45.825289049151664,4662,73.76017691353906,21.078408751370684,38.18461346751603,1
54.56167893159349,4715,121.50012344940076,8.657797556117846,26.17006854610041,2
94.14648087765252,5345,144.2999716836377,28.232985904058456,11.338631265982285,2
38.610263780077425,1615,10.93476807723684,19.454854164467857,33.326098834651745,5
96.11905638239142,5238,30.750823780936408,10.41084220508492,4.0052863304801125,6
90.53506419560637,6436,139.66059911260635,8.815844006475906,22.091685240097732,0
19.579113478929642,1914,85.79183829316456,6.536870967077662,8.16833791992101,6
6.9361300875165455,2272,182.29337188736199,21.144587807918107,9.222952552994169,1
10.077800137742665,6822,163.0729121479849,7.342752776939892,10.114697457910182,0
1.8221825651549728,1922,211.4010907474767,18.263794711897184,19.335352852198895,5
9.44429607559284,6097,173.12320666730633,8.674415780835364,2.5575102810198813,3
68.30067734163569,3852,107.48276934753703,20.19709939902219,19.88967204645491,4
7.118864846022898,2332,168.2416555986081,24.633252127675636,25.585372355735043,0
31.89756302937613,6198,68.84529356385463,23.562732051194942,24.164714248316262,6
84.48753109694546,3560,76.57837469455318,23.06468859699267,19.139205020152026,4
2.3271935735825866,3991,197.24628998019833,6.44394976507531,41.957330403537625,1
81.44684825889358,3027,111.60487910039555,3.5631634625510427,7.266334621025205,6
28.185477477339994,4476,199.5950851295881,21.269516026134184,25.2848371890687,3
11.816482762165625,1813,205.6055934170696,11.682069200036189,3.102070847827715,1
69.67371653641507,3224,214.39058441532094,13.538040565697072,3.5577839438954872,3
62.8942846779884,6810,229.15880896030183,1.9033236910083409,28.693292483854815,3
87.74720135270529,2400,107.74630512832405,8.527717028976426,28.30092124439105,4
73.50710438038858,4871,79.71670458028471,1.9766157123594565,43.90167564222285,1
80.34809303848486,2816,145.54968664852848,26.49638740543618,27.89368378300366,1
28.203457257130648,5595,92.7931058594069,8.058503813337385,47.98955102024251,0
17.743954377972283,1611,150.26854170005825,17.162777917617234,2.434742419996488,6
75.06147516408583,6812,176.39646566095615,2.130400299172782,4.900384239037053,1
80.6834739267264,3613,172.1012546230342,20.338574347864085,2.20329307851907,0
99.05051420006733,2263,93.63822175503034,10.367793026868721,9.263842516677002,2
41.26176769114265,1255,41.71505042468821,27.03965642177231,27.063505547083906,2
37.201808579278314,1852,107.63233461555188,26.75542747908704,32.2786090713714,2
77.64129607419969,4022,35.64853602047718,10.433427932490686,2.27925789743344,5
34.08035402530179,2889,222.52425879595208,27.127865975023568,47.298544492279966,1
93.07573256035647,5939,86.46936518446435,29.888572531464586,42.10826883251905,5
85.84127518430118,3471,38.61493680583094,24.937054259594493,14.830624107854657,6
42.89940273750184,2342,6.36193997643772,25.50126908490164,3.859376511323398,1
75.08710677914974,4626,161.45559657162107,8.221253347163607,8.494353660952864,0
75.45428740846823,5182,159.2255793636858,17.724369566874934,6.347220687748633,5
10.31238688359326,1835,85.15104164532292,2.9504215050536677,6.164188964947343,5
90.25529066795667,1839,17.927972211912753,3.7526201678284217,25.928084433286696,6
50.525237244785714,1027,102.407223723808,29.96788574896543,12.292372124670015,5
82.64574661077417,5365,77.8043737658484,10.472538233351417,17.906985826457223,3
32.00496010306117,4915,169.28015993375234,22.697333449416544,49.475266669216126,0
89.55232284962005,3742,151.4448123631726,24.393286537777676,34.21571244626724,2
38.92016787341631,6033,91.148432049385,25.882674859209647,47.44903335235007,0
1.083765148029836,5795,54.473138563747526,29.93122062466254,7.127827751655779,3
90.53819764192636,4429,247.00899153889796,8.003398072449167,19.106973741628465,6
9.128667678613356,6183,113.50040529902871,2.1701739789312917,27.736590164117715,6
31.93136375904149,2076,172.06855894505927,12.924554021842994,3.837903094436901,1
95.0061967050805,1493,35.138241894590195,4.772339425039462,0.20937218139789326,0
95.06071469375561,2472,121.39742491484945,1.6503507856995987,33.521716689845874,6
57.34378881232861,1153,6.8841799673663715,11.452377987103096,32.09097584007176,5
63.183721216979926,4093,126.36377947761248,23.728409281181857,20.53944049998059,6
44.84455219783198,6606,241.00435177942558,17.419240045527054,24.48220380160163,6
29.321077169806454,1043,96.05167824645005,10.070561687100268,20.77215002960448,6
32.8664545369916,1557,9.749003143727897,19.97591815928887,1.2002522422444428,6
67.25184560770384,3603,7.738947729835882,7.728527228955511,16.768580310873123,2
75.237452943768,6590,96.99668998671737,1.4170619360904657,8.854112769864491,2
79.15790437258485,2760,40.00623411579851,23.166248206656395,4.921209455068437,1
78.96181427945538,3944,5.838024082046478,19.088549461056264,47.83602169446749,6
9.120610304869036,1057,189.05340348754422,23.10677611052784,29.967986252108282,0
49.442030470258146,1719,114.63075222047267,2.1292024839423025,36.432814211830134,3
5.755876001664428,6917,72.31119299316363,25.276469207088912,15.768187163305875,1
54.95288823237355,6783,225.02079575412017,18.966259801052797,19.65735647470076,0
44.1530501373377,830,29.034740050131404,17.338465170666563,11.846199694836173,6
88.77041827582998,6701,238.9797072388298,19.113807395321416,4.848283548271237,4
35.09150125520787,4762,78.49167934433821,26.068564159182557,8.95158187207919,6
11.706701642760587,6181,222.10091807717032,18.021158690208306,39.87570226482429,2
14.299168205283586,3619,150.7357191198654,17.8475610167572,33.87729025918879,3
76.15106317174723,3996,206.67683993537187,29.72969555490721,27.346443799273846,5
61.82180633162611,3830,246.00329080261608,22.945174844988472,23.754493643338403,3
10.112267612279025,4934,72.10135945468643,13.826520358082924,46.12171418280622,5
8.410680611499743,1665,240.28387135189826,21.514513000954903,3.6367473889334203,3
70.096913145912,985,97.3704737256051,12.287683679061866,14.030040661895798,2
7.276300636419353,2709,96.37797618423058,7.637388412021471,17.4968926785357,5
82.18600592903562,5169,85.09677606362642,18.308704429745024,39.12129061063939,0
70.62422271564962,2051,135.3519018368963,27.917280845304592,49.62573100809857,5
8.134878064189976,4975,38.536260794621775,27.94504608044842,12.033525737857653,1
8.483771408519193,6813,138.4278713395028,10.915253065059218,43.71536670685403,0
98.66395785011754,1382,135.426203102501,16.302646520429157,41.53113802158956,1
37.427079575612034,4970,190.4754531512175,7.137441058525975,11.23286988208833,6
37.06421470668909,3551,208.4124904843964,29.87330217546762,19.966629009961128,3
81.27995672575025,6182,110.11033757810601,29.452419328170137,20.483643464625956,0
94.72485773838586,1898,75.58331233787344,19.83575896151597,48.91103342632792,3
98.6001063822871,5094,64.83372432927362,24.32800773064673,9.044595068944917,6
75.33781852589416,5996,48.65595917621798,21.737904677227302,39.957898555239105,4
37.62595855309158,6656,14.41189554975622,18.201588352144576,16.709635708655497,3
8.350071669866876,5036,85.61199470867834,2.547091912678033,36.54351728880802,6
77.71469159274368,3882,67.56192303269582,14.188165934027172,21.000550214783143,3
55.840424973580504,4630,241.60434646660184,20.568802762854904,28.917988155827,6
42.42220092469763,6187,139.42720656251097,20.648416802626855,41.63058866630656,1
90.6354385094736,4337,86.81925975762688,11.820555934249125,40.20827824919421,6
11.119748230615134,988,145.116900248424,28.309067613082885,43.321159176985006,5
49.262510429085914,6571,34.79917533642388,5.853353934866649,2.980866267232951,4
1.1353644767419069,5075,111.01093730055072,15.510423940251258,34.602527651987245,3
46.86606419941263,4994,156.55858035526595,21.03563531997386,6.999368836088143,6
5.630327568183735,2137,122.22445794811284,21.21693837086247,20.79092840092055,6
11.881791626807193,4885,100.44470016358106,19.81052974629565,27.429420752734423,3
11.752624677710488,3241,248.46209722492455,8.983358190103946,20.136974237341537,4
64.92103021160635,4837,220.07869053723175,5.529990491912037,25.980583790150373,4
74.60448792654233,1460,155.85148953986004,19.442269477974616,49.82631543993096,6
58.336876509715964,4878,142.3443402955707,18.379761368043695,6.760865685642736,0
96.21725484745419,6996,155.16511995614601,6.201324298387989,33.77280226682128,1
37.48705795237041,1098,50.328026955608316,21.449035221546335,19.800048319280762,4
28.571208628186074,6858,98.78443581607965,14.199987760276036,6.650489945366439,4
86.85991281894603,3322,9.86488322272483,20.365057156491435,7.936838168715477,2
22.359583851945263,6198,118.88650937170667,25.283645313334368,47.46365531228084,5
96.32225394406113,5650,135.75614598941578,5.922124428730772,43.9800748355881,4
1.2154474689816341,4315,56.937434025802396,1.5552011719082637,45.35209802075109,1
96.98788267076391,5378,241.00721179137844,23.593975005477816,49.57663879136933,5
4.315991195057611,6246,227.3636527343105,18.681225329425864,10.415769500425897,5
89.11431136980711,3305,180.53580886397646,21.28954751904153,17.771966868203087,3
52.77011090862999,2827,133.34665719134065,25.306494274670634,33.46095149624333,3
99.29647961193004,4939,217.49228991192123,24.281517109910514,24.19012699303236,3
7.379656473539886,5808,32.663085955865725,28.866684260935916,20.919476668916676,3
55.38542844013208,5526,197.62744856872123,16.54211728671143,17.890562466779652,2
96.9302535619099,5746,31.205203491712076,15.166373347137256,29.68903159717261,4
52.30978441701488,3500,198.55266563735137,12.654728796831172,28.7796714320041,3
62.93986381352625,5870,68.94189206283924,5.4570402424819315,8.072891703212004,6
69.57486889846172,1545,219.27264525454723,17.60560975357865,23.586991875921953,0
45.454106476777326,4175,236.01052345634946,9.033363205453385,27.673588810492493,3
62.75580800840635,835,37.19899235127891,27.71791785417629,28.514346936569524,4
58.43143119231002,2812,115.66890126634839,17.91253332403583,10.50535964561759,3
90.11580104909889,3072,245.24684454067128,18.192365234735195,37.11356961261434,2
4.5446380341457875,3256,120.85185899328665,11.292815165433291,1.2599547410534817,1
28.096318959223034,5111,215.88688062863628,2.507691207353517,17.741592777158132,1
95.04114840765587,3209,147.18288053282996,1.92056919581667,39.010632426781676,4
89.02637838909163,3581,93.83247697990046,13.276719180442727,28.194646052770118,6
45.56567527857129,2272,71.44588888146755,3.452395964819898,13.058121625543013,1
62.013259780153675,3114,50.805772771521816,18.598561710664036,34.74765596715238,1
27.738118298113267,2209,190.4495478444243,26.548217163550063,28.36954720780367,0
18.81211597237613,1253,96.63512670575697,26.604529679042944,39.81218047281936,4
46.36984049399822,4541,127.8188655501878,20.112316893834738,36.75125930949117,6
35.33522280260528,4942,123.08137000029548,7.125723112714999,30.505396101811733,4
58.365611185087204,4640,144.31975730828282,26.02690810940729,24.4088837655407,1
7.773463696498483,3673,216.39428640613806,26.696709624083038,6.65910628337617,1
97.43948076661665,3154,245.18483589585736,6.702953963635802,13.066650894269188,1
98.62107444796028,6152,101.89605214345424,22.38535648734964,20.954973645854263,5
69.81617140197451,4018,206.87973052657577,9.309066918886565,29.964964350319434,2
53.60963663441204,3770,191.13194866367942,24.27656905823496,25.68539276076524,3
30.952761628632775,958,143.38223786389332,29.91989909720448,14.409226297976474,2
81.37950197069486,2915,239.01178590298326,1.8707541545523916,0.32321788948552754,4
68.47311725538793,3157,50.118628882100694,27.023610107937024,24.811961095040697,0
16.26169393448913,3272,27.316052577405355,19.056285474361083,14.281299428112154,3
91.09271844938425,4397,213.49049173885552,29.228095955779814,36.730415035526754,0
82.2537242923169,4108,109.78745415843707,14.4852760082664,1.1973132635241746,6
94.9799913291924,4569,211.7422135517651,25.57424998656984,29.241390565289542,5
72.571950838836,5542,223.27255129885373,2.8094279893500396,47.07371187530327,4
61.34151959357899,5840,15.61439840476786,10.723092452270576,8.720463355574976,5
41.82430362906189,5252,220.86619074651517,2.943479594785089,23.58247453752977,4
93.27284833540132,6724,112.07976384235555,29.284950870893045,4.5710995908569085,0
86.60638895004084,913,127.60812225105805,24.692243310883264,31.28409561306763,0
4.521867010618941,2013,156.64812777330255,25.723875216133145,27.52658402981128,0
2.6366974497252005,846,231.5956516825217,28.200991711582933,20.368276210641618,4
37.64633668780496,4814,4.779023607441007,3.4680010974737754,26.06885107368706,1
81.0553330781833,6367,119.21086707945427,12.182330182886668,44.82873292345051,0
98.72761293149445,2309,171.93051060764017,3.0600117822760615,9.814715115553351,5
15.041689110352818,6547,180.67673942455713,7.11299994495083,1.1282255852673617,6
59.41307153521351,1173,173.133107884277,7.6516075340924985,43.083244234955046,3
38.08908566310215,6593,33.60878235203047,14.604109120379782,28.855854119395325,4
96.99143978146031,2980,74.84889709292031,8.788302856155635,44.53292277309212,5
84.21189231357087,1428,89.67888135425336,3.928365097715072,29.84726117065863,2
83.83287047111378,3812,201.10930191987626,5.857241583729124,40.50805449798512,6
46.86931597949703,2392,69.68996810363825,5.270991343010637,21.483668167757397,2
41.48195023376652,2566,52.67624096680079,29.21922713945665,37.49299656441344,3
27.340707193070624,2705,239.36200475952404,23.019482700635734,45.6520733444928,1
5.6375496650927115,5778,2.215821278367225,29.065082492817297,28.606148186110314,0
86.47223762550531,4142,249.45521392049454,13.752474108729347,9.039257528118977,4
81.29010091300776,2730,169.2053247143489,9.07268596821704,13.439880751509909,5
99.97176732861305,4584,207.11732486227928,24.150502719066413,9.93222884487029,0
99.66368370739053,5240,73.6548490865483,10.461363623193257,12.342851379786646,5
55.543170560262745,2490,3.5788194167649943,9.6821178374551,15.32077246755182,4
76.89874151805105,3364,184.46737964038252,7.7426737740271045,27.756689337659424,2
94.47657298824281,1555,208.53614925016893,4.760690368502825,29.39958147319164,0
84.96473906774115,1923,185.1190329883798,8.437428769486214,21.324987362093058,3
24.734810174319765,5022,35.71257182520965,11.304272705742743,30.77103899104177,1
45.05441353100935,1924,188.35698056424226,20.54583203622618,4.078746280568296,3
12.915941515149498,4056,192.23069552691024,2.8143804243640957,4.389411852907998,1
95.40510272587224,5196,164.63512891751373,7.104701250294946,8.591473017882922,6
60.617463445088006,1462,191.52898319889655,24.461685568458616,25.903874902017236,5
22.864280550346272,4317,211.48035991943303,5.260735783929352,10.699733934915677,0
67.17006844058567,2390,153.40102855936462,10.936709249153125,14.164220174628866,0
61.81282404578958,6770,22.151178492419767,26.07510873388606,20.015641808649704,6
35.81627180328405,3797,121.90695241680271,5.492834023159837,40.59330620051899,1
11.355759219962902,5797,19.412333667901265,3.399368232927507,0.6931067956430059,2
67.15731955927996,4211,101.88575775810772,15.051601857320314,32.46894101183112,4
52.03077009037933,1069,101.77662228140692,9.770165827077555,33.44382655203427,3
77.23183917356393,4725,16.502461035060396,17.33884257003177,39.93278901783183,6
52.01635011119934,6698,87.20513349236982,24.310341824020778,46.63764695301566,5
85.21815003185401,4529,27.749524697828708,4.9773061564295515,1.0068924474644914,6
55.190683877448556,5878,202.05880250230555,17.840273452074264,7.689185275660809,3
56.093797153538624,6282,236.92200649111768,15.659754051306054,44.30856470279965,3
87.66536026583451,2214,18.07911881448465,5.178284794382788,22.925928109350767,5
40.3482866212397,2114,238.77880182292535,19.09595608034049,28.229531946673177,5
13.401522845064074,4588,130.6441498341863,8.935572117962378,33.15136018615737,0
2.8782676313338973,3348,74.89141948846847,15.147195237776362,33.95333022478187,3
75.5137255673619,6007,19.215518819040877,3.3858974040347944,46.58702016582541,4
62.03095513534647,6380,125.15606701760446,14.327937659195069,49.847470870583486,4
70.40797680992236,2991,198.62888612268716,9.88744057324179,36.00787304654701,1
21.296416150891073,2268,176.77161931667453,24.849055124375276,14.36106046025754,6
13.637147558676975,5639,12.55650286599344,2.65238308292368,43.98762011471718,5
1.4544665667881929,2503,18.22545884197588,13.139610972631568,2.4610457270380803,0
35.058755880659696,5900,100.71832065815927,14.294511299811703,11.55404264372481,4
58.991768685463306,3427,73.82262351198582,22.02517621267444,44.869285873185746,2
39.22440450997323,4938,58.09608076401196,17.654339677616118,12.809575721967747,0
43.747492202372904,1392,70.2511247271784,20.349157778631252,11.032552981087424,0
90.41586944937484,4667,200.87068582422117,23.534429283900927,6.906264657012362,4
34.82554670233004,3600,232.30701340796347,26.003886236087475,42.955587882345824,2
51.39894891598108,4436,101.2756736318916,10.102389404951644,25.002912959554337,1
78.3653012741143,1841,226.52775053312428,16.602658455553186,33.74466015270774,4
39.65427823212701,5368,80.3739253119705,25.363134274736797,11.953319203751484,2
62.20867002278735,6149,119.1092465859479,29.69408279798664,37.902021050560826,0
86.23637087467452,2143,56.50724945399993,26.79606002026913,38.00027724810492,2
94.9520623657642,1393,160.119010543961,11.772550616106926,15.629901245415006,0
14.707348092903793,946,244.74527879370223,6.659828999340862,20.53413165051414,6
92.65876251614944,4780,150.87327401084465,15.192383584791074,10.484513871510043,4
49.21162930795382,4563,89.45352102838721,22.507602103245226,48.828051166145215,5
25.824438829895836,4189,161.9543614976321,15.28450305184563,32.28012885292058,4
45.913575623826134,2238,30.730169616346892,15.012245036096386,46.727194035775774,6
98.0032575285477,3223,222.16477006634966,25.308682211372215,15.169277181456659,3
49.26180939928696,4485,125.77098769495909,11.480709592948404,39.094545649844484,3
32.875161028750824,3879,112.33743550991052,25.934045569537723,38.2929321942371,3
63.34008543167258,6924,146.4661971133798,12.797339227599982,34.582782593327074,4
24.014561877819308,1645,156.1959656973506,10.518760064671843,48.28194876334002,1
7.586332810866391,5109,17.943951556628257,14.165707424791272,19.677766805315777,4
12.887972191064922,3306,170.6543053058506,23.110961801571186,6.535866179487865,6
12.804583895777244,3454,60.482920078882394,4.654058808055835,33.58544296220304,6
15.190269351229436,5249,178.48815812664745,6.696157260288504,36.46549002386031,5
13.882717264941014,5093,205.6336985960492,28.591899944229667,28.753028672940733,2
64.08747448032146,6945,200.98962688813006,6.089257194059364,10.340894656669814,4
18.188008439914483,1596,138.12524185197228,17.464092220000584,25.222797083467768,4
34.56672833238632,1445,130.0424730776878,17.8001195331962,15.60948682845647,0
89.67884099060119,5290,35.71899033485293,15.199109399457098,21.373326408334453,6
47.39616402628724,4385,193.83653760078388,19.69761220872774,32.260928792233194,0
66.75577385210272,2499,67.85234511167859,7.664975048130934,37.26073713454173,0
17.231987120162984,1292,124.17385570448664,17.027205765525697,11.611234545067155,4
19.228901880867078,1331,71.06852323187918,11.793024402160018,20.266268032347668,1
4.086861626647886,6343,33.45709074992328,20.18835052924648,13.45807854958146,2
16.893506307216455,1989,157.38942422293414,5.095482757821334,9.931580693093455,2
27.85903390319586,2804,13.583008705725957,17.55544508834481,39.16936099979192,6
17.70104842767468,2205,187.16130853155,6.372840306116387,45.46263472184962,5
8.87025337570556,3000,79.39669881527917,9.080648830336056,18.511609284228836,6
12.06358711006008,1230,0.03367325112133002,7.342584209383913,37.56394621868834,1
46.077876803272574,4018,127.78228480930746,6.302295616195696,44.849764468220556,1
20.63337184057925,1219,11.712977131900782,24.945617595259343,42.30621052651158,2
36.42698610480755,5762,69.04238945522486,9.28551946216582,9.140669426961296,3
50.34172708548569,2249,176.74412186392905,27.88658967406903,47.81459407566807,0
69.03948286293652,4148,15.672405405466467,29.127869235010536,18.833822021473125,0
3.9312139841098936,6256,209.8346230890006,17.56655362817582,16.962033058691816,2
79.94103989090426,4835,0.954980664645777,5.147032557306066,3.1215663638890168,6
62.79003894909078,4104,61.705967300475564,11.861899058007857,24.30868270524415,1
8.17590319488719,2810,185.22601403801787,24.134235637098207,5.450680782046435,6
87.35786241067773,2864,79.0675374323267,11.654331132215043,12.426991046371299,5
92.08724005318132,4950,25.47309701650338,3.5234993307808735,15.847131088364069,3
6.107795985486375,6963,90.05847970010697,17.14676241691745,40.4413161745842,2
27.687764814720374,4903,67.59832159613138,25.50850469338501,43.77443251979483,0
80.62012797930613,4258,210.67797554013873,24.08186522716157,15.123315873073484,4
74.82596903836584,5330,78.33697939628578,6.0785710637802435,42.93490606222869,6
18.45210193563773,3684,197.2331179440018,20.510173817961533,42.861546868489555,1
20.93493233367103,1172,222.9680362026837,7.394623639633766,38.232547519243674,4
37.0472102791382,4286,108.45435489413238,7.328018502012995,7.334755700759077,5
48.45229851910213,6737,227.485785963598,26.34808142585037,34.51614234503645,2
61.825477153029595,1886,94.3295134907982,8.240399629466674,47.25120322902844,6
36.891363956977244,5078,241.01960412252706,8.634173049022325,34.12702393835785,0
46.25347161331479,2045,22.322381131393232,1.018948332077687,16.580842455391696,6
74.74709381337566,4122,171.7548166258107,26.249401989640013,25.028965871541565,3
3.66832028905979,1399,123.45351011423217,23.985249583064906,32.28625216755268,4
25.243694434402077,3592,96.91220136391176,19.19253911762966,25.52852043642518,3
71.33495858845524,5488,158.17796968715024,22.757707154226427,5.997647086548491,5
89.52068376871993,2954,175.96427290858279,5.409408455310262,15.603202232601031,0
51.167744211566614,4922,1.0908174125772718,14.291384243039687,40.119801527681624,4
53.211348526531566,5731,41.738272186799676,11.185362233114645,43.07090230477587,5
10.717201133977605,6548,178.26151265857968,3.7195192614534784,6.865001635778512,3
44.741236682345466,2254,166.5963533945516,15.097784071232798,47.61933761993623,3
53.261726645502314,3275,241.5118762821693,27.701449859936425,16.441130892430465,4
24.247050363472965,1744,190.25944756269575,2.16171445247014,33.115686936536,0
26.924323094938096,6953,237.69317693283452,9.452366491320022,37.591257297834055,3
37.728416310462265,6547,175.63512538370173,7.0186871499654,40.59731173189417,2
2.007119777772637,4147,74.51305215986079,7.9062529563051935,47.287485111296505,5
32.20791655831783,6020,26.34123056271412,27.344602004501883,15.64597740144113,4
21.144800699654464,4029,195.4559658362339,14.574002572794413,42.92532272757772,1
32.74973521779147,4666,161.037305368979,14.522682975254746,6.584345171810352,1
11.976213181925122,1352,12.046503098324058,23.05669363120319,35.25204531767964,0
89.0527280739895,5482,90.01261647524458,5.480273916142848,37.098886475699295,2
59.359245355404866,1591,239.19995387107153,15.130695268901473,33.88616206006602,3
67.91023191444896,5921,125.1002864275503,13.469571209510733,12.61573680675765,1
78.91712386073382,5648,108.18228400492616,18.310410025853027,43.65215735076017,0
49.84421989290573,5194,114.4249012898235,29.98717339426272,8.44292316851975,5
8.69202880874237,1024,52.22068100129093,23.314017928379364,2.681739576041542,2
53.71065418185478,2679,92.1767927161988,12.538105387505388,35.87324953059561,2
58.68411180208791,2431,92.45331399679415,24.999038515947362,23.773785761636685,6
74.54394741843299,3032,13.0887550468681,5.950542536061925,42.454900997933805,0
43.16595462296794,1343,191.89190712947956,1.8834469029598435,19.16985705291295,0
12.758030279556376,6609,104.12610797596975,6.929002801463919,8.413929425385641,6
28.377590579872447,4233,205.54497170410582,10.871935127313531,41.82210962349349,3
36.30822963986351,2694,212.58700027997384,15.806841966327237,27.445481582003584,0
64.59172413316013,3261,52.998513674664515,18.838745075694796,9.459789619517744,6
57.077830466891186,3572,164.33837054253215,27.40756579921823,36.01919992932229,3
35.60967258978462,4523,118.07045104074543,15.785766276963273,25.555681924475028,3
98.65152487929797,3997,220.03918448037126,15.536993694146151,30.215649112015992,4
60.577481935688716,6500,53.93516979411353,2.4570472848664817,23.044916910329093,2
23.72267917359945,3881,169.45330007751105,2.0124350270304907,41.43544919090032,5
10.178247262040374,6951,151.93803056318063,16.983638895574792,41.47813578415249,2
15.285913918433202,6078,73.8253693929582,13.70717978420199,35.46944109121931,2
24.595772838450813,2092,34.150225912793154,25.33623145442866,5.270068869823113,4
16.06813732595557,6569,162.90994011931915,5.65970795664351,41.942693095203445,3
18.656702405130577,1521,184.64936453308266,1.7241782013944382,33.55064902664549,3
28.50951686938471,5868,78.9068359408375,14.02212426997365,34.85120830021498,0
17.33735952947548,3159,161.20815100557846,7.8868781458154675,18.149142020193583,4
89.67654246264252,6243,98.78272690287582,2.4388168268262858,43.963977807850334,0
8.023374566164222,6181,178.30172082065442,22.01335031858124,36.26858001174288,4
52.451138957025464,5796,49.803818723513274,4.236196998760176,5.629523326459723,0
41.03968269896615,5698,222.5537506590436,18.64126550022538,20.388901720308134,1
98.23786169086064,2689,71.85239911639493,9.150442754839785,44.319018098007085,6
11.203890216805235,1301,91.94649693903823,6.031385460295638,2.3598350848689496,2
39.785559904574164,3298,14.522988020087446,12.012794164660207,48.07083098210248,2
96.94704332753689,1875,27.8780530803191,24.241927510465658,33.95812841597814,5
86.55071258939803,5108,128.96547567808204,12.370713730232609,31.56879888216883,6
81.707207094928,2945,66.89816918199287,22.772319827120615,13.52796282439957,3
25.790282704493983,6848,208.8700564355486,4.63910260717537,12.439589436958853,5
17.088758739006582,4774,3.6733471637384607,23.410371170287295,47.102910974429776,1
66.8643219924431,5899,94.77351216798405,7.87106642229281,14.913622711706138,5
92.93759891275857,1621,84.33638669227317,20.64440076677731,38.77526483594997,2
55.67628930139298,6144,4.831907729400259,17.407665090388893,19.65608991035396,3
57.161268946989985,6521,31.092099750127556,27.945196799138934,6.962703539235199,1
27.997909366028416,3819,103.41066872965882,12.232353021284107,0.5357648847679475,2
76.94929331919369,4558,123.21614611186166,2.918790476198773,27.21286685076254,6
18.704374855752338,5541,101.07243681371727,1.5555090809863343,48.78894092744663,0
32.367923640424365,1883,132.73441960302347,24.97889826820984,18.456809690460226,4
42.54364386164168,3915,148.78291872642038,16.21733349218153,17.859616699652243,1
50.7610378684455,3271,2.4809552819589076,23.482077503213528,17.204580892472105,3
24.240973241508023,1707,116.02378986337597,7.798342400333926,26.027191865242923,5
11.483682473920354,3078,240.8748102218971,11.007428619883779,22.033244171214676,6
61.06200424416326,1222,129.75807003238717,1.8730122941282492,43.99573133635072,5
28.863055324025577,960,169.3855668647383,28.883277412649253,25.276039586174516,1
58.123822142261226,1638,77.9659644792208,20.36816929432359,25.38789190942844,6
15.436271527420232,6771,193.49784453819063,28.06294754501988,6.91857973602783,3
48.114010185481746,4207,193.23037046902877,8.699395815443097,49.136977045519295,1
53.258943255158584,6788,130.32401191353475,18.732444725544163,12.498644543441484,3
5.182353682242691,3481,244.0034558198034,20.676499080486497,3.668203372980133,5
33.660427819392055,2733,31.387553690663346,10.208941307470065,33.15731244876044,2
13.441467693897424,3938,4.236916222395248,25.595167815453273,29.768318507843635,6
6.337497047276774,3524,192.539552939274,28.46768242410719,20.757282699637287,0
98.99602323899452,1455,201.78888434122064,26.660798413184125,21.1096116940339,2
32.235384497472296,4773,30.05180728014406,22.432942302241802,39.253196052321556,0
80.98744458546349,2139,66.39570823965151,9.046475712023668,9.785632004982453,5
25.464065476376383,4641,4.3880908416572275,9.16686522106332,41.012665947244486,6
68.15027222239293,4831,73.32715269514118,28.9374492929351,32.437355694750906,2
76.02278598896865,1742,193.28546847966788,1.2982503821350688,20.94848868897622,2
59.56387406078443,1180,129.49013192814473,21.76544922402219,22.90143082919343,1
47.15761885501584,5640,87.02389829207202,21.481138714102602,12.83236035930479,4
41.18409141472685,3650,92.93482372658258,19.057996687544126,37.60571663484874,5
34.88682665429953,1160,0.33840642886703853,29.713156536519108,25.643737115263388,3
92.95291442478259,6968,74.95013189130897,10.044503637148031,16.04272713749218,5
83.06194077877291,1158,161.61468540948263,10.859184050004197,29.80250578804751,3
96.50269106665125,5109,243.54861095408927,3.2892426854501107,49.78672260256615,6
12.429722348554472,6898,211.76520674597487,13.841145959768387,21.763113982827694,3
73.08674752036443,2282,5.898741161382281,8.570407260810594,46.03457003893098,0
93.83404568210378,1681,224.64015116870982,10.958214363151683,17.250841996228306,3
18.123306616566015,1552,195.7996033246565,25.2025819174132,2.7366353462492943,3
6.6496267366777495,2680,195.0940308927451,28.129050892297375,10.212105318421443,1
74.11206492900591,1426,114.49893975089287,6.386259088150383,20.93475716638421,2
57.44731131799119,5091,99.5013232386257,11.80275901505051,10.981746429728451,5
84.1828776758272,1186,75.72893220829816,27.930286301346428,0.011351910912776875,5
13.97723766262895,3958,16.423714738591443,2.7924453599874566,45.75007688737636,6
79.52673118598902,6979,57.05884087342478,3.678455315229977,42.19397056154645,6
20.162732004774455,5846,61.650908744506154,5.720938686980651,37.11461157434736,3
16.36559428657045,4614,121.0192674275504,18.261172189679368,8.390729782301431,4
16.426579793099293,2698,186.8611016491735,5.3636958591739266,6.018178810499303,5
81.45747202313821,4668,118.45245709948665,29.07421506207127,3.3802374736191574,6
66.51972206962002,4067,14.461112361790152,13.95472129049709,36.20145943864606,3
52.30654247691193,3441,239.44745024705097,15.544020850154824,46.44039803439426,6
35.88304841235025,1610,235.68107977352807,8.15309985835679,21.526791045651848,0
87.72005408131082,6296,196.2973857871021,14.65784732060727,5.957033599802408,0
39.244510742263536,3588,247.83197539105515,20.195495346473333,25.61964103660533,6
81.65994394715771,2006,136.12058320006574,22.78413697166724,17.441595372931506,0
43.91349085702184,3080,240.69208756330153,22.862174398587477,18.741246217499885,6
37.69444294249076,3367,18.901260154187693,17.75884226812856,31.066531207785363,3
46.26797856696064,5930,91.42018706534283,27.22643347482186,35.93590566311012,1
30.13778741641421,5348,56.345317001691456,24.70482757187717,5.530179943658043,4
74.76093801762511,5569,48.958271033567506,22.954395326260137,1.7795115403238193,3
50.27203900924791,868,35.20073722316902,2.612560128733358,49.71651513428574,1
23.22126951468173,3380,155.60341039149915,1.19946090436983,11.636417445777592,1
89.95745732745685,3784,195.33046393682628,7.160971038668716,2.6915262454229536,5
38.38912213732114,918,144.57459985509016,20.242184223490117,9.493766454795999,3
54.35528611139886,2410,36.740677397052416,12.924727177593828,1.947892317423211,3
90.6472110964547,5513,202.78094248336774,12.66978151968004,19.590544730858582,6
62.42379959139921,1650,158.98867679093212,26.653019758658797,40.120089222566214,1
11.689804070836407,4118,97.04142653174888,26.971322595823324,17.062222487886032,1
93.98321236134751,2134,168.53257388401573,27.366082657553985,22.209170343918327,1
62.770805307141785,875,64.97624481070821,10.102464218935792,33.77933867837194,6
33.49056146570861,2295,86.29805212355262,21.040618569438593,25.444703503494008,5
13.927207266338726,6850,229.37146078299756,8.877362256956719,43.07228430106621,3
79.4025189270296,5769,72.62612641785509,6.527685159159044,43.301783752287825,1
62.00727559285135,6749,117.49706703948415,6.3543412630737075,0.49553477455768213,0
53.34610919763215,3824,222.53528434900366,10.921121005044228,38.90231532415996,3
89.38925830509577,1480,176.93033756688186,13.46877097361483,23.036680012083693,6
78.85972112245308,4197,15.550806541175689,25.097525960596982,49.442027065183154,5
15.167487973275119,3617,36.82576106974258,4.476841710708651,24.161603793771757,0
31.172206779554823,6035,1.9603976929792044,22.31284957445193,49.344797269414876,6
24.848913981446575,1408,157.73044755729086,16.412192511489856,37.72846806028683,2
74.3946292572677,3827,111.91835635260458,9.350414937603782,12.430244230665316,3
3.353243473577938,1730,33.568712725568886,15.291767951451913,26.919748964347885,2
56.98896848713165,2812,239.4835302641926,9.698320023533658,49.60678197392914,6
76.24586857406905,5371,132.41493098640498,18.286376701910875,42.87653038759618,6
87.67656367617495,3751,60.473323528222295,13.581473762802082,4.868344689561055,6
34.20817487159075,3130,125.15089278867688,5.767760343287483,35.3185998404998,1
82.12573046720128,3245,169.90508318377695,4.380909162115205,17.27897929354065,5
11.063173695520723,3648,19.05980449339112,16.854174780091775,0.34911309401740587,1
84.64522917345182,5667,68.67595376197299,27.169977965297,20.17404845134998,5
12.748866233198243,6330,201.7413727209984,10.97477291017288,11.737721086248564,4
39.72872905603673,6723,114.9162176006653,22.257003109456072,40.94346352602358,1
79.72953657795536,5678,136.64428550807372,20.101179293253242,16.866530442288273,2
14.991742734877377,2755,108.20400055236732,28.01509251497495,41.37618469769085,5
22.92513952326415,5066,10.97498566075128,24.808449501675085,0.029896941739765426,1
72.22525683930662,3513,41.437444955038984,17.431552508258427,15.390957501305957,3
72.00365365460743,2378,111.38540968547272,20.053884448789113,12.058260715388098,6
64.11476328852973,6013,52.29636635198195,27.053207530937012,11.67836805343055,5
69.39484444671,1038,12.494757164919685,12.58604475302111,3.409330988273135,5
54.27244433475962,6390,210.91241601295593,10.477046469875544,9.356213520525086,1
25.179905890695274,3661,245.29813229102896,1.313521425420694,27.777478494280995,4
34.56959935039195,4750,198.28571849918487,24.969981151552464,14.568053641887225,1
18.159771680142565,4887,213.44623042616675,24.228440311697582,20.869739116457396,2
90.84505613336283,6349,60.494282579261345,4.02918102490439,18.843344017359424,2
58.339179476612046,4747,240.15674387829995,17.72886405284831,43.795246249994726,5
40.08514167636399,4606,49.231426113357095,14.455469246839733,45.264949950525775,5
46.20058036441327,1213,237.85745259045808,4.442563769764233,24.647848582793003,1
94.72833396118153,4014,248.70482349148776,29.436478584760984,16.50779751578022,2
15.33514031160802,1731,177.93070143651218,7.226180736437308,5.340035200118182,2
58.62298320167972,5372,245.28593294795547,2.9497912226262732,47.67014396910475,4
50.5888678884466,3975,142.38494489177592,18.25057400555538,3.0113472450148726,3
61.14542354346478,5017,64.88544579402259,22.42713363685795,14.882513878414022,4
1.8110183820840509,1058,109.24897141640521,1.940859935368422,14.903310058500207,0
87.21239089441515,1325,148.3902338446965,20.10281152308364,16.020064307010745,6
93.21182824836124,5241,18.27039050675375,16.43646440259218,8.214342163620463,4
56.51331835892089,1246,155.58581615431152,3.9946852573764042,39.15807154618486,1
69.66508238768922,1241,245.29445919057363,6.0031924314445,6.124893098299461,3
92.24993811772957,875,47.526912445931906,17.471254622166335,31.74533295765814,1
70.72386343133986,6730,198.14877907209583,9.594370791885362,6.192301335290873,6
15.253904291426135,5372,226.97469844490485,28.211156130888167,3.526781879647828,0
57.62883601668132,2990,235.92539820505522,24.743466655037473,45.47147518429382,3
60.67150463828559,2638,240.0339011013618,29.523448988896227,9.506438315935284,5
42.4130671302386,2968,130.364909680368,8.530454329562005,41.06250772798521,2
73.64442356247228,5602,244.32697699787593,29.121985351141333,27.23154355535679,4
93.43670147690149,4900,189.32755178360972,13.505782223955178,3.89282598043848,1
92.55685129067763,1948,40.41785905924048,11.078045064098884,47.772409571903374,0
45.08393714041321,1879,119.2250266169925,2.460136282111244,12.348058349594627,2
11.323804584075525,1410,179.58279384300099,2.530192477928476,42.98226726763033,4
98.48411989623345,4893,61.835078954770836,21.068326422452987,8.44050028922821,2
83.88980864459342,5539,160.15379588722183,14.279940838586809,42.69714410709264,4
12.466268120326685,2443,166.65011976165482,7.569127155047066,0.6614406452646993,5
92.08418826173724,929,40.674935952141475,18.805138883431745,25.589022828474032,3
86.98963620621282,1309,141.27132811318907,8.332885429253224,38.472128971077844,2
51.88380571260721,6800,192.90672774465193,17.751320875988256,46.739775874639164,2
59.127543574492925,2631,124.72391613398548,11.41705366249802,45.460106810324355,2
39.90027038701302,5569,3.0257791940268564,24.883014571742752,40.98124347738224,3
5.476163882203133,4672,2.2596172698230443,24.8001886622366,44.4095674830652,0
33.519724164590095,3168,89.25733599250304,14.843161545549638,9.960984291853825,4
80.28534485980114,2075,231.5485171079455,11.173754170715451,14.209214785586438,5
0.4632023004602859,1552,57.16919490090219,11.514234100213741,14.448426246052925,2
33.34991716911442,4613,158.5909222179218,24.365721244378317,18.85269655008494,6
39.81686935909433,5602,55.518967673330145,10.517205001130748,19.666033519259436,3
53.73956029379229,4792,80.41749741488715,7.062721837498534,27.227766232733774,0
91.98556164127605,4087,212.010522400371,3.4559619143838978,7.993988168322069,4
34.634599436596126,1060,182.21536056748673,14.534100505647844,34.562333189299466,3
34.69532018962277,6804,23.849819328302658,14.981830868675415,8.378326965225325,5
73.75012481097484,5752,107.17550524660841,25.386352601684308,15.515424105227376,5
45.221794088980715,2615,7.292440911316117,7.415922196935855,25.167256530307704,4
22.460482293998197,6875,120.22253665075225,12.048746936383598,39.822028076173865,2
45.24395161326934,4531,165.60850292526703,24.443766427917037,36.97346166193636,5
14.085702037979985,4411,29.62565589953789,24.885084711720232,32.276717820526116,0
17.63869865062233,5438,72.22123472729142,12.153721203384277,7.788663029008508,3
49.83677727394797,5832,99.45915637553924,14.314596675313746,27.352267280778886,0
41.89254495045479,4870,229.88275616401245,9.795290834629204,4.3723250899942725,2
91.48459010681,1594,248.313753855741,28.044091474160048,18.86815883983254,0
36.23938991166331,2897,11.227824748903965,4.440669206505829,20.67582651449796,0
58.05883502780434,6554,190.251980873848,28.07873326704263,1.9905719722876913,1
63.22642879195304,2192,92.9310166005858,20.832127103224952,13.699404973498591,0
1.3094456588333636,3107,98.11454655737,16.415592427915204,47.78247336332447,4
66.35373720167107,3478,188.56624333675566,1.9471127627503804,47.681630391484475,3
17.803596686975144,3524,229.60660803635216,14.79228956283824,17.616352712626966,1
96.10703174694551,4600,237.7321486256371,12.824695045079237,2.155005447416203,3
14.866272775311295,6647,144.2806465095802,5.675345547278554,8.954746966409077,3
41.462412372702374,2292,89.2802898251257,20.03587850151905,19.610889671677008,2
8.534966807864386,1553,196.8872714646948,29.16337631368029,47.38898489846149,2
99.68742518459473,2024,62.750345815575066,17.303475520871228,7.059953176859246,1
50.21950103312426,6298,141.01850720837945,21.72784501687443,38.175792183410614,5
59.53850173200438,4804,89.64461538121829,2.985063124414487,5.434126968734604,6
6.7076477388427485,2572,164.15776842696903,13.112342878692846,49.06287886956384,2
74.99604703991778,5858,60.09972822337672,4.3743960697703805,19.080824955456748,6
20.990559309558577,6140,47.898236433706444,18.7710792305588,38.7617269449528,2
89.80542894407138,6048,229.55977166885927,28.215982588210483,17.129554140556593,2
20.513964048200716,6497,25.450920737384227,20.191554241677515,31.383443857940435,3
19.068772066366655,2363,126.48947693373292,3.2272884011182246,9.600804237001837,1
3.654966784809488,5481,55.21319574075223,11.285319944567402,7.301050964848127,3
47.206694510999924,3655,9.732490831416863,16.969238003784696,46.903206978406565,4
56.48411332626164,6020,9.004704572856598,12.693024927864315,45.88236389522167,3
6.570863942835237,5316,43.805443026456835,25.175676303779998,44.37344701064412,6
77.55276166950105,5613,216.69258862650005,24.625459136589686,31.271672508329672,6
45.32888347480276,4868,70.61968599425667,18.743099582993423,40.413410560813915,4
52.439026932758004,1900,237.61479264382393,11.830280408848452,3.4518468455687454,0
44.07627469382282,4179,145.40557324729838,8.40475483913408,16.73945209453396,0
40.0763060875326,6904,109.15354744219152,4.07035522818075,15.68515623785781,4
55.96403313082179,6611,145.02220866736366,11.292032821110068,31.78226609763066,4
15.52402459307125,1067,129.17459630656694,12.982002999023866,17.797888673532025,3
18.19281304952711,1821,189.6940634393313,20.598864828018133,7.42533908218404,4
86.17856210135173,1616,70.62401649321306,20.08663490462963,29.823353770677187,1
94.61154621336327,5301,88.26259790007559,3.0331360495964517,40.719196033454075,0
37.330931627975296,5870,223.52357563331267,12.462520147503575,19.10617472299866,0
27.074467314355378,2123,236.61412828760137,6.271587149303496,6.613435754924085,5
64.39995432390158,3936,223.13955687161862,5.547568454187365,9.834409865641152,4
40.87341710980964,6012,104.8619984893284,24.99176234238013,11.8741652584692,2
2.538635566034486,5343,195.09137575172042,2.2155412847714686,14.994879649726812,2
15.615259736619036,4161,119.0839333252747,13.15630340116152,32.139753525315456,4
71.59722288473975,4460,124.38496303652555,5.877906017229027,30.04727422688595,1
65.89239419101514,3951,51.170027264320986,26.500576254675746,34.80399307835196,2
2.709599250348349,2644,147.78257581462913,17.15417488497602,18.125099226575657,5
22.197216193294945,4303,46.53397443833698,7.7100384549285925,41.199882593998915,6
23.10747965880714,5071,82.89117476679844,15.570391327824916,10.204383057788014,4
67.18927435987284,6214,213.7575504049838,22.21310443139036,23.452037375907697,1
1.9710537754364155,4745,51.76895230271381,28.78542225866358,40.046936077071514,1
10.410858198457385,5518,17.789571293358204,7.392934123117149,9.007932386630962,3
79.99160853731894,1792,17.251898153204078,26.699271391751008,5.493155687039147,1
17.85446620543336,3661,235.196130125777,28.09481931085722,44.18419838439949,2
65.27461078518748,857,126.73010949045866,27.57619579142992,17.146483137959795,6
23.81827810467265,2329,102.35301795425458,19.427016348995384,34.1935062454516,2
9.944139275934516,5304,202.7196452519796,19.264798978606525,1.267430213196924,4
24.317219099945408,6949,208.956481977629,12.693108362330861,34.50234442047248,6
72.22669318556592,1414,83.04775827890116,22.81953858680985,15.805065577348525,4
85.56964681062857,3289,173.40451436844882,16.407526532177027,2.787042679372087,1
83.02198645669915,5760,192.78070396297164,20.64570406562054,30.49063807740585,5
39.71835296184548,2065,163.66267171648863,13.425279211615068,12.040190803658662,0
66.80851365706462,4241,37.898768700024846,22.213397457251034,19.340362102594,6
20.498429541582098,5345,218.97077087926425,24.909674010531923,4.029040614325679,3
29.314773026101328,4619,134.77363818400218,5.246651441481667,7.358162554747266,0
89.63358185211197,1965,70.61810659250092,25.154961751652614,14.898861774792188,1
1.3001923510736035,3003,106.30704635942348,16.66859942191891,4.487975028007857,1
8.550853085446807,5659,9.392772599726845,25.495311363616505,45.54131323431576,0
20.78862551460273,4236,31.96670030560439,13.507749483889423,0.3023521591989209,3
2.6532203873819715,832,191.3866876289652,11.992174076108016,24.19301094321557,6
18.143543508979732,5518,0.0029086888415352785,27.53676124299945,6.1623729066275725,6
58.304156096969216,1018,104.14145712057305,8.283908758903639,15.383954473897427,0
42.1424550592498,5423,130.6275452713971,25.48215743329815,46.30297799091328,4
89.26717110769748,2055,13.658605000243075,15.03659660277272,8.084727663699343,2
81.7443561738441,6740,243.2695407430832,15.908767833986532,48.29161598591663,5
34.1817351697876,3081,56.531332812417986,9.945580163195036,10.289718849471086,4
25.94234334312925,2826,76.04967990907022,17.618223817951453,37.078305423341476,6
37.96924081672669,1723,75.98562806375683,10.431124692010128,27.333863244865586,2
59.02949425148078,2694,57.60416552933748,2.1388130130079173,44.22393637983796,5
26.806364082287626,6235,0.368455521577854,8.887959554986326,27.699662775156547,5
62.4148907849134,6977,182.33619852199908,1.1849922587911297,26.727960957815434,5
40.941165219124045,3083,241.71137494982133,29.37228882464884,9.772900018419994,1
55.204718085198024,3581,56.073370821261264,29.00666908477268,8.311468102582936,5
43.61265291353167,5276,165.7617979508556,12.459503626696847,45.82445755577571,3
29.44657595419177,6294,185.47408173967878,22.122754775849735,16.391909942501705,0
94.84533069621567,4476,212.1063447726312,11.028376853902325,18.604112748144797,6
76.36057941597608,3227,105.65729925340229,20.461701555493306,37.99118292141942,3
14.011317576645254,3358,75.7327264101073,24.357471248333393,16.941174121140367,0
86.84679758979128,5112,81.32378350575777,28.45593109607498,47.60312233195014,4
48.743119824951364,819,178.15533327462822,12.606155999640489,36.89638844994001,4
89.45522268940914,4641,204.194866626409,23.715641505725383,29.871462128671,0
79.98552559473153,3004,45.40349193915066,8.711925068331444,44.04475802723763,3
42.52135044692334,5724,92.7352520394413,29.719636810015803,2.480295417474138,0
2.24693083201174,1376,225.4850491872875,1.7473183641661831,12.853134609460437,5
26.867735938494608,4446,201.67337992368482,18.502335388532508,23.251816711045496,1
54.16342146608669,3782,246.21460069061897,20.125673467888486,11.34892697357605,6
63.347821982614725,4782,188.56206492052019,20.953321155149737,37.195259365107596,4
25.788768543320227,1202,98.29880025698057,4.491239784883581,45.96040155268626,6
13.935607407282413,4395,147.65945849865943,28.217363720720783,21.18850599654617,1
83.4930236799299,4281,165.25356356183008,6.254315092452401,17.10663000559475,5
98.44021807035521,4276,19.613954079280987,19.05984869395539,48.07753660687831,5
52.56901823026858,4541,136.12423977596626,7.457606294569464,22.242621641377042,4
17.16792858483035,4994,177.3302071181524,9.909276093616857,24.45242002246416,4
27.230732651936897,5790,41.830326000265096,16.847297710115605,17.582493617095267,5
1.8390676547466733,2472,195.15792935638927,13.098609138372717,45.477423650606916,2
91.4298806560499,5915,145.94319512852792,5.646542428318682,28.447774164092536,6
11.775108289014113,3889,238.05544642439867,5.9571556702046005,38.10872935908223,1
57.651647551425356,1277,10.605574551722924,13.12619885672119,40.590335917544316,6
27.4055220687206,1163,66.33153438886674,22.961206369989522,17.09245209586291,1
55.417800251579344,2872,150.38846982495602,27.040974758585868,21.684716566019002,2
65.14203883518643,5666,74.13997805148267,3.4397022055221025,42.423588720313234,3
82.97418037072016,5187,178.60604101781055,12.40001331922263,18.16276758379051,1
20.64212717606032,5689,189.75132063048275,3.907121347963422,39.696756672592564,6
1.0995828658480478,4007,25.628991016618613,1.4811819383453386,47.04961612872186,0
13.688563006880727,3529,128.46361605169193,20.18984179667474,31.16051865340035,5
90.00186418481051,1714,127.22263889776397,18.471033817031046,37.08136437259444,5
87.38900775625153,2834,92.32019255388526,5.7275543006317005,40.254865602056746,2
59.74131021703083,3490,233.23121564241802,7.780572159698859,42.25198244483212,1
60.051686043365336,1349,206.8765799683053,1.687524855691033,19.752666892839798,3
66.50366745462554,2167,174.3023454774092,25.213468965137707,2.5631729587999086,1
17.53712786234496,4508,178.5816589337494,29.266027285407993,20.093813561836978,5
91.44119459249598,5361,115.42903595327978,4.9283265670460334,33.68781148920449,4
41.87705248920731,6989,230.24863027414398,7.712781199193645,22.51751928903964,0
38.31385282494975,6585,173.64885681332134,26.18387619446109,37.448157543019924,2
51.89177052828376,4783,182.24526541395412,27.86745014072936,17.849121473433193,4
4.696596677505505,3411,215.42272594683632,13.1691941013975,31.737207055201477,6
16.628336875607943,4744,68.51789733554774,2.4680516958031498,9.320990242698729,3
73.80336164263704,5671,201.76772596667575,2.1423631770917626,37.46847183224784,4
8.279866792512646,1533,48.81015073912301,17.6445461160013,27.284798440651294,6
60.31521094663882,3341,86.33548806122197,12.393958157902192,10.20321942733003,4
24.534910968132095,6006,83.90261356746068,1.830920399751981,14.595558674890363,3
38.929561404197656,3179,244.63136709728514,17.914319377064146,37.43043542909162,4
28.869373677069987,4345,214.13430593698172,1.3277735610816517,24.130061783076034,2
35.567271646494916,4444,175.29246539756494,23.833786786328915,10.80157201965361,5
71.90459051842456,1943,181.76419040384752,9.886551858397775,48.36355951851488,1
29.7121715623175,3045,140.51819860064276,2.167482087267731,35.75625099084439,4
56.64046402968972,2873,236.77266677712976,18.062214408511448,47.85674162698981,2
47.60504021990997,962,124.06468822059038,12.532848018558585,21.35525226801716,1
66.36711653626482,949,95.12942746747363,29.240211987357334,23.755017034586025,6
93.6829739324758,5956,40.75883423289775,16.781761212607364,44.89776080925096,1
73.25720972102503,2493,196.55141306526448,8.98193625007324,26.252467012269232,6
21.494037859075675,4012,183.61098301889785,21.573727074385268,35.36394559528336,4
3.1183135061284672,2652,96.08875963103372,8.873268073738629,12.608643874776499,2
26.22640442998251,6632,6.29835348980734,27.223055450819388,22.336323435132027,5
59.507793070025485,2407,209.7493319295027,11.866937144713917,6.172493290517755,4
5.1425813484250344,3463,2.854495863518408,16.94618832050995,10.299001793848085,6
49.636624720123635,6210,175.92494490726273,2.466620010902637,0.04717076338155435,3
59.68428489168892,6019,242.56427743151426,13.357515900614693,1.9632525824330116,1
33.424389081696084,1953,109.41533203705086,25.138542650168855,48.86419115884647,4
77.09122037458219,5776,58.74335124898819,24.363815355536914,12.117684756838115,6
10.65982531337718,3640,176.21775251084543,7.505238206752261,33.165535475200095,1
7.513778173580876,3794,204.28203550389628,7.556293059306318,41.95498493998058,6
72.81887562036033,1627,136.60757901946184,24.701854054183865,27.533022961828213,2
49.549131620619846,1299,241.75881881403654,27.98155418491044,7.65722500419781,0
68.84023964277361,5313,12.917180414490275,3.765466716917103,36.40582186680832,4
43.48273386037462,3878,126.19889957613204,14.051700543360532,30.012570504979152,5
24.640203323910683,3508,179.61348683063753,10.78617408996264,36.562529467368755,4
81.91023176741997,5322,215.66011778729475,26.249965208265742,38.48733114285436,1
79.94158789689793,5546,44.81390297694751,3.422222525720544,48.770518384237256,2
69.46964708544267,1785,200.00087044092035,7.122652334183085,28.6781640013355,6
27.21451372299627,4583,138.17676892963632,22.821581790008334,17.082055634530093,3
59.023066686908706,1639,99.1384204974908,2.4875216204552517,32.42322784501185,5
36.09738969400268,5458,32.92875714477339,15.283526040714388,3.4220354621313067,2
9.158207332663416,4873,216.3239397272281,13.82110400571188,44.86986591607931,4
91.73135754622427,6731,39.318302044928835,10.69763419067371,5.969050566909839,3
13.68186309189614,1227,77.4469648022748,12.44259714424879,16.392141894290912,2
95.02373538208025,1153,72.51138299060922,16.368277020976755,40.787269031306046,0
44.600577295795574,2549,217.85350854771357,5.67965339326311,29.865618916535592,5
